{"cameraMode":{"drawMode":0,"name":"Shaded","section":"Shading Mode"},"sceneLighting":true,"audioPlay":false,"sceneViewState":{"m_AlwaysRefresh":false,"showFog":true,"showSkybox":true,"showFlares":true,"showImageEffects":true,"showParticleSystems":true,"showVisualEffectGraphs":true,"m_FxEnabled":true},"in2DMode":false,"pivot":{"x":-12.399999618530274,"y":1.0089998245239258,"z":-0.14871788024902345},"rotation":{"x":0.0035229497589170934,"y":0.9825450778007507,"z":-0.18520833551883698,"w":0.019169801846146585},"size":1.0792253017425538,"orthographic":false}