{"cameraMode":{"drawMode":0,"name":"Shaded","section":"Shading Mode"},"sceneLighting":false,"audioPlay":false,"sceneViewState":{"m_AlwaysRefresh":false,"showFog":true,"showSkybox":false,"showFlares":true,"showImageEffects":true,"showParticleSystems":true,"showVisualEffectGraphs":true,"m_FxEnabled":true},"in2DMode":false,"pivot":{"x":0.12102806568145752,"y":0.05583357810974121,"z":0.42430901527404787},"rotation":{"x":0.15660050511360169,"y":0.4063032269477844,"z":-0.07103823870420456,"w":0.8974648714065552},"size":0.5220068097114563,"orthographic":false}