{"cameraMode":{"drawMode":0,"name":"Shaded","section":"Shading Mode"},"sceneLighting":false,"audioPlay":false,"sceneViewState":{"m_AlwaysRefresh":false,"showFog":true,"showSkybox":false,"showFlares":true,"showImageEffects":true,"showParticleSystems":true,"showVisualEffectGraphs":true,"m_FxEnabled":true},"in2DMode":false,"pivot":{"x":-12.399999618530274,"y":1.0089998245239258,"z":-0.14871788024902345},"rotation":{"x":-0.0022006984800100328,"y":0.9604268074035645,"z":-0.27857837080955508,"w":-0.007180565968155861},"size":0.5930054783821106,"orthographic":false}